index,close,open,high,low,volume
1601510400,10607.0,10778.5,10980.0,10450.0,1693116204
1601596800,10563.5,10607.0,10655.0,10376.0,1165536603
1601683200,10544.0,10563.5,10610.5,10493.0,472896875
1601769600,10672.5,10544.0,10698.5,10522.0,496221891
1601856000,10788.5,10672.5,10798.5,10621.5,660645024
1601942400,10591.0,10788.5,10795.5,10505.0,967073304
1602028800,10668.5,10591.0,10675.0,10552.0,585066308
1602115200,10926.5,10668.5,10954.0,10525.5,1071262005
1602201600,11056.5,10926.5,11102.5,10833.0,759471629
1602288000,11297.0,11056.5,11490.0,11055.5,1032606981
1602374400,11371.0,11297.0,11449.0,11279.0,765624818
1602460800,11544.0,11371.0,11730.0,11190.0,1400865680
1602547200,11424.0,11544.0,11560.0,11313.0,1081121228
1602633600,11416.5,11424.0,11555.0,11289.0,963252867
1602720000,11510.0,11416.5,11645.0,11271.5,1057990261
1602806400,11320.0,11510.0,11549.0,11212.0,1084343083
1602892800,11364.0,11320.0,11413.5,11221.5,525201699
1602979200,11507.0,11364.0,11509.0,11347.0,515252202
1603065600,11752.0,11507.0,11835.0,11417.0,1207957271
1603152000,11914.5,11752.0,12059.0,11675.5,1654398028
1603238400,12814.0,11914.5,13239.0,11895.0,3417940359
1603324800,12990.5,12814.0,13219.0,12665.5,1976997877
1603411200,12941.0,12990.5,13042.5,12727.5,1149209117
1603497600,13129.5,12941.0,13186.0,12888.0,903314606
1603584000,13038.0,13129.5,13377.0,12855.0,1196467410
1603670400,13069.0,13038.0,13270.0,12776.0,1610805969
1603756800,13642.5,13069.0,13801.5,13060.0,2128904272
1603843200,13268.0,13642.5,13854.5,12905.5,2590188154
1603929600,13461.5,13268.0,13638.0,12983.0,1960110483
1604016000,13557.5,13461.5,13675.0,13119.5,1884089370
1604102400,13802.5,13557.5,14135.0,13421.0,1772871976
1656633600,19256.0,19924.0,20885.5,18932.0,591767100
1656720000,19215.5,19256.0,19432.5,18930.5,232154700
1656806400,19281.5,19215.5,19640.0,18751.5,367221600
1656892800,20201.0,19281.5,20310.5,19017.0,491375400
1656979200,20146.0,20201.0,20734.0,19265.5,731142900
1657065600,20541.5,20146.0,20650.0,19735.5,491020700
1657152000,21604.0,20541.5,21831.0,20218.5,457371700
1657238400,21574.5,21604.0,22488.5,21162.5,565984000
1657324800,21577.0,21574.5,21942.0,21300.0,319562500
1657411200,20835.5,21577.0,21583.5,20627.0,358502400
1657497600,19944.5,20835.5,20836.0,19860.0,460903500
1657584000,19302.0,19944.5,20023.5,19212.0,463694400
1657670400,20214.5,19302.0,20325.0,18855.0,749052500
1657756800,20571.5,20214.5,20869.0,19585.0,505038700
1657843200,20818.0,20571.5,21184.0,20363.5,442162800
1657929600,21182.5,20818.0,21583.5,20465.0,380700000
1658016000,20790.0,21182.5,21678.5,20710.0,351244600
1658102400,22435.0,20790.0,22751.0,20750.0,640250700
1658188800,23391.5,22435.0,23800.0,21575.5,820901700
1658275200,23219.5,23391.5,24271.5,22912.5,682191300
1658361600,23150.0,23219.5,23418.5,22340.0,531409600
1658448000,22679.5,23150.0,23750.0,22490.0,469292100
1658534400,22442.0,22679.5,22986.0,21945.0,419423900
1658620800,22580.0,22442.0,23000.0,22261.5,361068600
1658707200,21280.0,22580.0,22653.5,21234.0,539913400
1658793600,21238.5,21280.0,21334.5,20720.0,447001900
1658880000,22949.0,21238.5,23114.0,21007.5,600093600
1658966400,23841.5,22949.0,24190.0,22590.5,698169400
1659052800,23769.5,23841.5,24444.0,23258.0,630897500
1659139200,23644.0,23769.5,24684.0,23081.0,512903400
1659225600,23299.0,23644.0,24191.0,23226.5,356673400
1680307200,28450.0,28462.5,28823.5,28210.5,218615100
1680393600,28160.0,28450.0,28537.0,27839.5,287627500
1680480000,27795.0,28160.0,28534.0,27198.5,632489600
1680566400,28155.0,27795.0,28465.5,27652.5,410682600
1680652800,28162.0,28155.0,28789.0,27780.0,449348900
1680739200,28022.0,28162.0,28183.5,27678.0,327514800
1680825600,27899.0,28022.0,28100.0,27772.0,217543700
1680912000,27937.5,27899.0,28170.5,27864.0,156139500
1680998400,28325.5,27937.5,28538.5,27717.5,261785700
1681084800,29659.0,28325.5,29856.0,28165.0,501955100
1681171200,30223.0,29659.0,30580.0,29622.0,443289000
1681257600,29902.5,30223.0,30497.5,29659.0,454636700
1681344000,30387.0,29902.5,30637.0,29867.5,336904700
1681430400,30465.0,30387.0,31059.0,29988.0,480902000
1681516800,30299.5,30465.0,30599.5,30230.0,201858800
1681603200,30324.5,30299.5,30584.0,30125.0,234297900
1681689600,29424.5,30324.5,30334.0,29229.0,466949100
1681776000,30375.5,29424.5,30489.5,29100.0,462557700
1681862400,28784.0,30375.5,30408.0,28518.5,650214600
1681948800,28230.0,28784.0,29090.0,27962.5,502996300
1682035200,27261.0,28230.0,28353.0,27100.0,534526600
1682121600,27805.0,27261.0,27874.0,27137.5,295027200
1682208000,27577.0,27805.0,27808.0,27299.0,325014300
1682294400,27488.5,27577.0,27996.0,26900.5,520053400
1682380800,28283.5,27488.5,28392.0,27190.5,419102600
1682467200,28407.5,28283.5,30041.0,27182.5,1044757600
1682553600,29463.5,28407.5,29901.5,28374.0,640016300
1682640000,29311.5,29463.5,29582.5,28895.0,401166400
1682726400,29230.5,29311.5,29453.0,29036.5,177500800
1682812800,29242.0,29230.5,29978.0,29105.0,422248900
1577836800,7179.0,7163.0,7234.5,7153.0,762775093
1577923200,6942.0,7179.0,7183.0,6905.5,1471023953
1578009600,7335.0,6942.0,7412.0,6855.0,3050176897
1578096000,7345.0,7335.0,7399.0,7258.5,1183967641
1578182400,7350.5,7345.0,7494.0,7310.0,1533245110
1578268800,7756.5,7350.5,7799.0,7341.5,2344491871
1578355200,8155.5,7756.5,8214.5,7740.5,3903802488
1578441600,8046.0,8155.5,8462.5,7880.0,4906482344
1578528000,7810.5,8046.0,8046.0,7740.5,2634163776
1578614400,8204.0,7810.5,8204.0,7682.0,3782453314
1578700800,8023.5,8204.0,8295.0,8006.5,2342781516
1578787200,8187.0,8023.5,8196.0,7955.0,1576712742
1578873600,8104.5,8187.0,8200.0,8033.5,1313199511
1578960000,8835.5,8104.5,8900.0,8104.0,5589882784
1579046400,8816.5,8835.5,8916.5,8578.0,3523353461
1579132800,8719.0,8816.5,8854.0,8585.5,2445274789
1579219200,8901.0,8719.0,9021.0,8670.5,3728596348
1579305600,8916.5,8901.0,8984.0,8810.0,1836510291
1579392000,8700.5,8916.5,9190.0,8430.0,3742743016
1579478400,8632.5,8700.5,8739.0,8516.0,2016471911
1579564800,8727.5,8632.5,8772.5,8455.0,1797763495
1579651200,8664.5,8727.5,8796.5,8552.0,1313340524
1579737600,8392.0,8664.5,8669.5,8283.5,2892720411
1579824000,8425.5,8392.0,8515.0,8223.5,2520283967
1579910400,8326.0,8425.5,8427.5,8251.0,1484100809
1579996800,8597.5,8326.0,8599.5,8286.0,1814758342
1580083200,8900.0,8597.5,8994.5,8566.0,3131528831
1580169600,9400.0,8900.0,9434.0,8886.0,4571974682
1580256000,9294.5,9400.0,9440.0,9235.0,3016724002
1580342400,9510.0,9294.5,9579.0,9052.0,3871834826
1580428800,9339.5,9510.0,9528.0,9205.0,2429182170
1612137600,33550.5,33101.0,34749.0,32318.0,2077088786
1612224000,35544.5,33550.5,36051.0,33441.0,2226392272
1612310400,37700.0,35544.5,37750.0,35426.0,2662277724
1612396800,37030.0,37700.0,38850.0,36222.0,2967900059
1612483200,38361.5,37030.0,38419.5,36605.0,1825963949
1612569600,39318.5,38361.5,41027.5,38293.5,2745957944
1612656000,38900.5,39318.5,39810.0,37410.5,2627342478
1612742400,46417.5,38900.5,46929.0,38058.0,4677725938
1612828800,46513.5,46417.5,48277.0,45073.5,3586243118
1612915200,44888.0,46513.5,47495.0,43802.5,2946590028
1613001600,48082.0,44888.0,48833.5,44051.5,3643247396
1613088000,47485.0,48082.0,49180.0,46234.5,2832796323
1613174400,47265.5,47485.0,48335.0,46250.5,2057217655
1613260800,48690.5,47265.5,49876.5,47105.0,2608808984
1613347200,48018.5,48690.5,49080.0,45726.0,2614365272
1613433600,49199.5,48018.5,50980.0,47140.0,3606645741
1613520000,52209.5,49199.5,52743.0,48949.5,2907233492
1613606400,51613.0,52209.5,52594.5,50940.0,2165933671
1613692800,55934.0,51613.0,56454.0,50732.0,2963785938
1613779200,55934.5,55934.0,57636.0,53991.0,2810562544
1613865600,57542.5,55934.5,58464.0,55552.0,2276211707
1613952000,54122.5,57542.5,57577.5,47566.5,6469168708
1614038400,48923.5,54122.5,54205.5,44813.0,7289632823
1614124800,49691.0,48923.5,51420.0,46961.5,2903146594
1614211200,47110.0,49691.0,52151.5,46717.0,2984172940
1614297600,46320.0,47110.0,48428.5,44100.0,3727451804
1614384000,46171.5,46320.0,48399.5,45000.0,1872080256
1614470400,45211.0,46171.5,46644.5,43040.0,2973600828
1585699200,6671.5,6425.0,6723.5,6141.5,2207635222
1585785600,6795.5,6671.5,7299.0,6571.0,2972605816
1585872000,6738.0,6795.5,7049.5,6600.0,2140975954
1585958400,6875.0,6738.0,7097.0,6600.0,1619522774
1586044800,6775.5,6875.0,6920.0,6660.5,1148471580
1586131200,7338.0,6775.5,7391.5,6766.0,2341814274
1586217600,7193.0,7338.0,7475.5,7076.0,2098135699
1586304000,7362.5,7193.0,7430.0,7152.0,1776328298
1586390400,7289.5,7362.5,7373.0,7080.0,1676985467
1586476800,6868.5,7289.5,7299.0,6754.0,2206832440
1586563200,6885.0,6868.5,6950.0,6766.0,1054582288
1586649600,6905.5,6885.0,7197.0,6780.5,1720103437
1586736000,6853.0,6905.5,6930.5,6540.0,2252284386
1586822400,6868.0,6853.0,6985.5,6765.0,1400091537
1586908800,6615.5,6868.0,6940.0,6601.5,1489184700
1586995200,7106.5,6615.5,7245.0,6463.0,3006153467
1587081600,7025.0,7106.5,7156.5,6991.0,1225409067
1587168000,7256.5,7025.0,7305.0,7005.5,1302161155
1587254400,7125.5,7256.5,7274.0,7053.0,1139540564
1587340800,6833.0,7125.5,7237.5,6751.5,2362464868
1587427200,6848.5,6833.0,6959.0,6762.5,1528684889
1587513600,7133.5,6848.5,7189.0,6822.0,1450803027
1587600000,7492.0,7133.5,7802.0,7023.5,2488032747
1587686400,7503.5,7492.0,7610.0,7380.0,1473830307
1587772800,7542.0,7503.5,7745.0,7431.0,1362595381
1587859200,7702.5,7542.0,7720.0,7450.0,1432590477
1587945600,7788.0,7702.5,7836.5,7625.0,1663495897
1588032000,7752.0,7788.0,7795.5,7651.0,1154456663
1588118400,8794.0,7752.0,8978.0,7706.0,5110631297
1588204800,8627.5,8794.0,9481.0,8407.0,5794365072
1625097600,33507.5,35028.0,35037.0,32710.5,1273473100
1625184000,33790.5,33507.5,33965.5,32641.0,965701200
1625270400,34668.0,33790.5,34942.5,33257.5,752843500
1625356800,35290.5,34668.0,35945.0,34360.0,612414600
1625443200,33712.0,35290.5,35291.0,33017.0,1135244100
1625529600,34213.5,33712.0,35101.0,33488.0,1095961700
1625616000,33836.0,34213.5,35080.0,33755.0,885812600
1625702400,32855.0,33836.0,33900.0,32130.0,1100771500
1625788800,33813.0,32855.0,34093.0,32255.0,708163600
1625875200,33500.0,33813.0,34240.5,33030.5,659555400
1625961600,34256.0,33500.0,34633.0,33333.0,620951400
1626048000,33080.0,34256.0,34669.5,32642.0,946512100
1626134400,32712.5,33080.0,33331.0,32147.5,789833800
1626220800,32806.0,32712.5,33080.0,31573.0,801923800
1626307200,31863.0,32806.0,33169.5,31114.5,943755400
1626393600,31380.0,31863.0,32240.5,31015.0,949397600
1626480000,31509.5,31380.0,31930.0,31130.0,734985600
1626566400,31768.5,31509.5,32438.5,31064.0,743551900
1626652800,30805.5,31768.5,31889.5,30404.5,807165600
1626739200,29779.0,30805.5,31040.0,29211.5,1154576800
1626825600,32105.5,29779.0,32828.5,29492.0,1221085100
1626912000,32298.5,32105.5,32594.5,31709.0,632301200
1626998400,33599.0,32298.5,33599.0,32005.0,786420500
1627084800,34253.5,33599.0,34515.0,33419.5,909708500
1627171200,35392.0,34253.5,35433.0,33875.0,861634700
1627257600,37240.0,35392.0,40540.5,35266.5,3140235400
1627344000,39473.5,37240.0,39540.0,36379.0,1740744600
1627430400,39998.0,39473.5,40950.0,38728.5,2010107500
1627516800,40034.5,39998.0,40677.5,39212.5,1105934800
1627603200,42260.5,40034.5,42333.0,38342.0,1454327600
1627689600,41439.5,42260.5,42440.0,41050.0,819371700
1643673600,38687.0,38473.0,39330.5,38000.0,884188200
1643760000,36904.5,38687.0,38865.0,36602.5,746883200
1643846400,37310.0,36904.5,37379.0,36222.5,593239500
1643932800,41585.5,37310.0,41737.0,37025.0,1127249600
1644019200,41387.0,41585.5,41949.5,40955.0,601055700
1644105600,42375.5,41387.0,42693.0,41133.0,569456200
1644192000,43845.5,42375.5,44550.0,41623.5,931253100
1644278400,44045.0,43845.5,45530.0,42690.0,1229701300
1644364800,44403.0,44045.0,44829.5,43116.5,788580400
1644451200,43491.5,44403.0,45853.5,43200.0,1287302000
1644537600,42378.0,43491.5,43930.5,41934.5,989645700
1644624000,42200.5,42378.0,43002.0,41655.0,531980800
1644710400,42061.5,42200.5,42772.5,41850.0,520665300
1644796800,42535.5,42061.5,42891.0,41516.0,719497200
1644883200,44560.0,42535.5,44765.0,42438.0,691393000
1644969600,43878.5,44560.0,44562.5,43320.0,659130900
1645056000,40516.0,43878.5,44160.0,40066.0,1178660200
1645142400,39988.0,40516.0,40960.0,39441.0,804704000
1645228800,40083.5,39988.0,40450.0,39638.0,405770300
1645315200,38386.5,40083.5,40120.0,37956.5,840769300
1645401600,37014.0,38386.5,39499.0,36800.0,1341356400
1645488000,38240.0,37014.0,38435.0,36321.0,887993200
1645574400,37262.0,38240.0,39270.0,37050.0,825792400
1645660800,38330.0,37262.0,40051.5,34348.5,1926224100
1645747200,39207.5,38330.0,39677.5,37970.0,872453700
1645833600,39115.0,39207.5,40291.0,38583.5,535537500
1645920000,37693.0,39115.0,39879.0,36965.0,898544700
1646006400,43176.5,37693.0,44584.0,37434.5,1368628000
1672531200,16610.0,16522.0,16618.0,16482.0,76694600
1672617600,16670.0,16610.0,16789.5,16544.5,178201900
1672704000,16656.0,16670.0,16765.0,16596.0,181530200
1672790400,16842.5,16656.0,16978.0,16639.5,242691300
1672876800,16818.0,16842.5,16872.0,16750.5,137907100
1672963200,16947.0,16818.0,17050.0,16665.5,225178400
1673049600,16940.0,16947.0,16963.5,16908.5,43963000
1673136000,17131.0,16940.0,17198.5,16907.5,102481000
1673222400,17167.5,17131.0,17392.0,17110.0,244785800
1673308800,17442.5,17167.5,17485.5,17149.5,163484100
1673395200,17943.0,17442.5,18000.0,17305.5,216653300
1673481600,18837.5,17943.0,19111.5,17909.5,576284200
1673568000,19920.0,18837.5,19998.5,18716.0,356284600
1673654400,20948.0,19920.0,21550.0,19883.5,749346000
1673740800,20879.0,20948.0,21066.5,20460.0,291708000
1673827200,21186.0,20879.0,21478.0,20555.5,394529300
1673913600,21118.5,21186.0,21598.5,20753.5,382153300
1674000000,20671.0,21118.5,21652.5,20398.0,463020100
1674086400,21063.5,20671.0,21164.0,20650.5,305842300
1674172800,22665.0,21063.5,22750.0,20853.0,436130500
1674259200,22778.5,22665.0,23361.0,22336.5,528960500
1674345600,22697.5,22778.5,23066.0,22265.0,367080200
1674432000,22910.5,22697.5,23175.0,22478.5,374543500
1674518400,22629.5,22910.5,23154.5,22454.0,360087600
1674604800,23055.0,22629.5,23903.0,22333.5,502615700
1674691200,23004.0,23055.0,23277.5,22847.5,361910300
1674777600,23068.0,23004.0,23499.5,22525.0,709014500
1674864000,23020.5,23068.0,23184.0,22875.0,320349300
1674950400,23743.5,23020.5,23970.5,22958.0,548303900
1675036800,22807.5,23743.5,23800.0,22368.5,671117200
1675123200,23112.0,22807.5,23311.0,22703.0,429281000
1598918400,11937.0,11658.0,12071.0,11540.5,1987744352
1599004800,11398.5,11937.0,11957.5,11165.0,2547385654
1599091200,10144.0,11398.5,11473.0,9922.0,3582711111
1599177600,10455.0,10144.0,10636.0,9880.0,2496103902
1599264000,10161.5,10455.0,10570.0,9817.5,2295656172
1599350400,10250.5,10161.5,10347.0,9993.0,1164344776
1599436800,10379.5,10250.5,10413.0,9867.0,1690275573
1599523200,10126.5,10379.5,10460.5,9811.0,2186141321
1599609600,10222.5,10126.5,10350.0,9982.5,1103571425
1599696000,10343.0,10222.5,10488.0,10219.0,1143320649
1599782400,10395.5,10343.0,10430.0,10200.5,843676265
1599868800,10441.0,10395.5,10477.0,10271.0,572741240
1599955200,10328.0,10441.0,10583.0,10201.5,1033507088
1600041600,10671.5,10328.0,10750.0,10251.0,1335592644
1600128000,10776.0,10671.5,10925.0,10621.0,1381492211
1600214400,10949.5,10776.0,11091.5,10659.0,1349236607
1600300800,10942.0,10949.5,11045.0,10737.0,1090445146
1600387200,10927.5,10942.0,11039.5,10815.5,882174620
1600473600,11080.0,10927.5,11192.0,10892.0,949727352
1600560000,10913.0,11080.0,11080.5,10763.5,950477420
1600646400,10411.0,10913.0,10984.0,10280.0,1937060896
1600732800,10523.0,10411.0,10570.0,10328.5,1054002000
1600819200,10228.0,10523.0,10533.0,10130.0,1172400450
1600905600,10739.5,10228.0,10813.5,10190.5,1491937080
1600992000,10689.0,10739.5,10757.5,10551.0,1015842106
1601078400,10729.5,10689.0,10829.5,10655.0,668587708
1601164800,10775.0,10729.5,10795.0,10590.0,767602632
1601251200,10688.0,10775.0,10946.0,10599.0,1100141402
1601337600,10839.5,10688.0,10855.0,10600.0,967088415
1601424000,10778.5,10839.5,10842.0,10650.0,905149206
1635724800,60952.5,61344.0,62558.0,59521.5,1364569300
1635811200,63319.5,60952.5,64341.5,60656.5,1248284800
1635897600,62946.0,63319.5,63614.5,60014.5,1248250200
1635984000,61453.0,62946.0,63156.0,60679.5,960331200
1636070400,61037.0,61453.0,62650.0,60782.0,862208600
1636156800,61524.5,61037.0,61629.0,60125.0,778137900
1636243200,63352.0,61524.5,63375.0,61395.0,815080900
1636329600,67642.0,63352.0,67917.0,63352.0,1463077700
1636416000,66998.5,67642.0,68675.0,66289.5,1190911700
1636502400,64890.0,66998.5,69146.5,62834.0,2066411900
1636588800,64803.5,64890.0,65640.0,64120.0,812111800
1636675200,64139.5,64803.5,65485.0,62277.5,1301990700
1636761600,64393.5,64139.5,65000.0,63381.5,570306800
1636848000,65559.5,64393.5,65559.5,63580.0,681765600
1636934400,63603.5,65559.5,66387.0,63404.0,955110700
1637020800,60100.0,63603.5,63603.5,58533.0,2142131300
1637107200,60360.0,60100.0,60890.0,58388.0,1258905400
1637193600,56903.5,60360.0,60988.0,56460.0,1765707300
1637280000,58076.5,56903.5,58338.0,55655.0,1000498100
1637366400,59739.5,58076.5,59862.5,57415.5,664355500
1637452800,58650.0,59739.5,60050.0,58505.5,654914600
1637539200,56271.0,58650.0,59576.5,55560.0,1419633600
1637625600,57546.0,56271.0,57885.5,55335.5,1181629700
1637712000,57175.5,57546.0,57755.5,55888.0,863038900
1637798400,58976.0,57175.5,59448.5,57055.0,887460300
1637884800,53782.0,58976.0,59186.5,53511.0,1783383500
1637971200,54750.5,53782.0,55284.0,53647.5,569449500
1638057600,57343.0,54750.5,57480.5,53315.5,907317800
1638144000,57842.5,57343.0,58919.0,56737.5,873341400
1638230400,56968.5,57842.5,59282.0,55925.0,1345916000
1606780800,18793.0,19714.5,19958.0,18140.0,3165344547
1606867200,19221.5,18793.0,19351.0,18334.0,1729762100
1606953600,19450.5,19221.5,19632.0,18880.5,1371217335
1607040000,18658.5,19450.5,19545.0,18559.0,1688264359
1607126400,19155.5,18658.5,19194.5,18503.5,926099520
1607212800,19394.0,19155.5,19447.0,18880.0,1048486560
1607299200,19188.0,19394.0,19450.0,18914.0,1038976792
1607385600,18306.5,19188.0,19303.0,18156.5,1626238181
1607472000,18533.0,18306.5,18626.5,17630.0,1911129220
1607558400,18247.0,18533.0,18539.0,17925.0,1250055625
1607644800,18037.5,18247.0,18286.0,17563.5,1868706439
1607731200,18812.5,18037.5,18950.0,18020.0,1118565731
1607817600,19172.0,18812.5,19439.0,18730.0,1363478354
1607904000,19272.0,19172.0,19355.0,19007.5,974421380
1607990400,19439.0,19272.0,19595.0,19055.0,1531807702
1608076800,21380.0,19439.0,21604.5,19291.5,2906159364
1608163200,22821.5,21380.0,23837.5,21273.5,5867478897
1608249600,23134.5,22821.5,23312.5,22359.0,1905514933
1608336000,23874.5,23134.5,24300.0,22780.0,2075861972
1608422400,23491.0,23874.5,24350.5,23111.0,2109245363
1608508800,22741.5,23491.0,24157.5,21800.0,3330895998
1608595200,23835.0,22741.5,23865.0,22400.0,1923966495
1608681600,23241.0,23835.0,24163.0,22590.5,3088958589
1608768000,23740.0,23241.0,23795.5,22680.0,1922526568
1608854400,24728.5,23740.0,24812.0,23452.0,2409655649
1608940800,26490.0,24728.5,26880.0,24500.5,2293397405
1609027200,26254.0,26490.0,28395.0,25848.0,4152651254
1609113600,27039.5,26254.0,27495.0,26073.0,2222773553
1609200000,27379.5,27039.5,27411.0,25887.0,2238690113
1609286400,28907.5,27379.5,29021.0,27380.0,3081874067
1609372800,28951.0,28907.5,29350.0,27941.0,2319304701
1659312000,23264.0,23299.0,23498.5,22838.5,445578500
1659398400,22978.0,23264.0,23461.0,22651.0,483740000
1659484800,22812.5,22978.0,23653.5,22690.5,415833800
1659571200,22603.0,22812.5,23213.5,22371.5,502826700
1659657600,23302.5,22603.0,23463.0,22570.5,527101500
1659744000,22953.5,23302.5,23347.0,22905.0,212847700
1659830400,23168.5,22953.5,23401.5,22835.0,235344200
1659916800,23804.5,23168.5,24235.0,23150.0,420842900
1660003200,23134.5,23804.5,23915.0,22861.0,408634000
1660089600,23952.5,23134.5,24228.0,22607.5,563159200
1660176000,23938.0,23952.5,24910.0,23853.0,498051000
1660262400,24396.0,23938.0,24440.0,23558.0,342401800
1660348800,24444.5,24396.0,24898.0,24276.0,282161800
1660435200,24298.0,24444.5,25000.0,24136.0,332731000
1660521600,24099.5,24298.0,25246.5,23756.0,583648400
1660608000,23842.5,24099.5,24236.5,23666.0,350314100
1660694400,23323.5,23842.5,24434.0,23169.0,505067500
1660780800,23188.5,23323.5,23580.0,23100.5,327916400
1660867200,20818.5,23188.5,23192.0,20776.5,765957700
1660953600,21127.0,20818.5,21350.0,20758.0,332625600
1661040000,21508.0,21127.0,21800.0,21061.0,322858400
1661126400,21390.5,21508.0,21525.0,20859.0,425906800
1661212800,21506.5,21390.5,21680.0,20874.0,409881700
1661299200,21356.0,21506.5,21885.0,21137.0,343581200
1661385600,21552.5,21356.0,21810.0,21301.5,311078500
1661472000,20224.5,21552.5,21876.0,20100.0,698218600
1661558400,20024.5,20224.5,20358.5,19751.0,334459000
1661644800,19552.5,20024.5,20146.5,19517.5,331404200
1661731200,20286.0,19552.5,20497.0,19500.0,456076400
1661817600,19803.0,20286.0,20584.5,19526.5,563444000
1661904000,20032.0,19803.0,20477.0,19791.0,482308000
1651363200,38457.5,37620.0,38700.0,37379.0,443567200
1651449600,38500.5,38457.5,39150.0,38037.5,596538100
1651536000,37715.0,38500.5,38633.5,37491.5,458253100
1651622400,39692.0,37715.0,40040.5,37663.5,688377200
1651708800,36515.5,39692.0,39822.5,35485.0,1152138900
1651795200,36002.0,36515.5,36632.0,35220.0,629866100
1651881600,35443.5,36002.0,36099.0,34696.5,358045500
1651968000,34013.5,35443.5,35471.5,33607.5,702297700
1652054400,30066.0,34013.5,34215.0,30021.0,1761504200
1652140800,30991.5,30066.0,32636.0,29718.5,1176515400
1652227200,28954.0,30991.5,32133.5,27655.0,1878828800
1652313600,28929.5,28954.0,30124.0,25302.5,1351009000
1652400000,29226.5,28929.5,30983.0,28668.0,675636400
1652486400,30033.0,29226.5,30295.0,28578.0,504858700
1652572800,31273.5,30033.0,31416.0,29440.0,418586600
1652659200,29822.0,31273.5,31276.0,29051.0,747451300
1652745600,30400.5,29822.0,30739.5,29346.0,609220300
1652832000,28650.5,30400.5,30675.0,28588.5,679961600
1652918400,30292.5,28650.5,30495.0,28639.5,581143500
1653004800,29173.0,30292.5,30784.5,28657.0,672501700
1653091200,29400.5,29173.0,29613.0,28913.0,314652800
1653177600,30268.5,29400.5,30460.0,29220.0,400415300
1653264000,29058.0,30268.5,30632.5,28819.5,648131500
1653350400,29620.0,29058.0,29830.0,28606.0,577348400
1653436800,29510.0,29620.0,30194.0,29297.5,480177200
1653523200,29172.5,29510.0,29847.5,27977.0,824038400
1653609600,28580.0,29172.5,29354.5,28230.5,629985300
1653696000,28990.0,28580.0,29220.0,28488.5,218075000
1653782400,29430.0,28990.0,29550.5,28800.0,266404000
1653868800,31702.0,29430.0,32173.5,29272.0,785382000
1653955200,31756.0,31702.0,32372.5,31185.0,628204700
1685577600,26812.5,27204.0,27348.5,26586.0,352116600
1685664000,27235.0,26812.5,27292.0,26468.5,340297700
1685750400,27061.0,27235.0,27319.0,26910.0,200928200
1685836800,27104.0,27061.0,27471.0,26954.5,202927000
1685923200,25720.0,27104.0,27116.5,25390.0,668727200
1686009600,27229.0,25720.0,27360.0,25344.5,541623900
1686096000,26336.5,27229.0,27395.5,26113.5,414123300
1686182400,26500.0,26336.5,26810.0,26205.0,215039000
1686268800,26463.5,26500.0,26772.5,26268.0,220143900
1686355200,25837.5,26463.5,26521.5,25359.0,483662900
1686441600,25926.0,25837.5,26215.0,25629.0,227546700
1686528000,25901.0,25926.0,26094.0,25603.5,316937200
1686614400,25922.5,25901.0,26440.0,25710.0,426398900
1686700800,25108.5,25922.5,26079.0,24781.0,478174500
1686787200,25575.5,25108.5,25740.0,24754.5,442619600
1686873600,26335.0,25575.5,26498.0,25149.0,465576000
1686960000,26497.5,26335.0,26867.0,26162.5,277788000
1687046400,26331.5,26497.5,26680.0,26250.0,269602500
1687132800,26820.5,26331.5,27059.0,26243.0,442645900
1687219200,28310.5,26820.5,28400.5,26624.0,749177700
1687305600,30004.0,28310.5,30824.5,28272.0,1070268900
1687392000,29886.0,30004.0,30505.5,29511.5,526285500
1687478400,30698.0,29886.0,31438.5,29808.5,718381000
1687564800,30535.5,30698.0,30797.5,30239.0,232426700
1687651200,30470.5,30535.5,31045.0,30283.0,284531900
1687737600,30250.5,30470.5,30667.0,29905.0,435696500
1687824000,30684.5,30250.5,31012.5,30205.5,532372600
1687910400,30058.0,30684.5,30702.5,29817.0,544614900
1687996800,30435.0,30058.0,30833.5,30023.0,452544400
1688083200,30464.5,30435.0,31287.5,29439.5,938739000
1583020800,8532.5,8531.5,8769.0,8400.0,2865341712
1583107200,8918.5,8532.5,8967.0,8490.0,2260357992
1583193600,8757.0,8918.5,8930.0,8660.0,2506496796
1583280000,8756.5,8757.0,8849.0,8665.0,1706557363
1583366400,9070.5,8756.5,9171.0,8756.0,2680324726
1583452800,9158.5,9070.5,9180.0,9001.0,1771717908
1583539200,8900.0,9158.5,9224.5,8851.0,2109118200
1583625600,8038.5,8900.0,8900.0,8001.0,3565316312
1583712000,7928.0,8038.5,8184.5,7630.5,4800156501
1583798400,7889.5,7928.0,8150.0,7723.0,3415078897
1583884800,7939.0,7889.5,7985.0,7593.0,2616658378
1583971200,4346.0,7939.0,7967.0,4266.0,9879605680
1584057600,5571.5,4346.0,5873.5,3596.0,8470456293
1584144000,5160.5,5571.5,5651.0,5046.0,2284697834
1584230400,5338.5,5160.5,5974.0,5087.0,2416784951
1584316800,5036.5,5338.5,5347.5,4394.0,3767784970
1584403200,5327.0,5036.5,5566.0,4930.0,2483878294
1584489600,5409.5,5327.0,5455.0,5003.5,2329210649
1584576000,6185.0,5409.5,6464.0,5260.0,2961750416
1584662400,6204.0,6185.0,6946.0,5653.0,3783695861
1584748800,6192.0,6204.0,6448.0,5860.0,2179889762
1584835200,5820.5,6192.0,6422.5,5737.5,2206628792
1584921600,6486.0,5820.5,6640.5,5683.0,2720999038
1585008000,6765.0,6486.0,6876.5,6400.0,2242836537
1585094400,6685.5,6765.0,6984.0,6454.0,2234063864
1585180800,6760.5,6685.5,6793.5,6490.0,1532859653
1585267200,6363.5,6760.5,6875.0,6250.5,1641982373
1585353600,6250.0,6363.5,6364.0,6031.5,1883833066
1585440000,5869.0,6250.0,6277.0,5860.5,1502675683
1585526400,6408.0,5869.0,6647.0,5846.0,2146883987
1585612800,6425.0,6408.0,6524.5,6325.0,1367303451
1590969600,10250.5,9445.5,10473.0,9420.0,2221794381
1591056000,9520.0,10250.5,10273.0,8600.5,2585912904
1591142400,9668.0,9520.0,9695.0,9383.0,1103857150
1591228800,9799.0,9668.0,9898.0,9406.0,1624745461
1591315200,9610.5,9799.0,9860.5,9577.0,1486778525
1591401600,9668.5,9610.5,9770.0,9526.0,979168883
1591488000,9760.5,9668.5,9845.5,9360.0,1791286313
1591574400,9793.0,9760.5,9825.0,9650.0,1176497554
1591660800,9784.0,9793.0,9899.0,9465.0,1434255877
1591747200,9894.0,9784.0,10180.0,9600.5,1352445011
1591833600,9259.0,9894.0,10050.0,9012.0,2838725012
1591920000,9459.5,9259.0,9547.0,9222.5,1233783617
1592006400,9476.0,9459.5,9500.0,9330.0,714012720
1592092800,9327.0,9476.0,9483.0,9232.0,940678663
1592179200,9426.0,9327.0,9544.5,8892.0,2314161709
1592265600,9522.5,9426.0,9599.5,9387.0,1275427288
1592352000,9452.5,9522.5,9576.0,9219.5,1354980917
1592438400,9374.0,9452.5,9495.0,9268.5,917426917
1592524800,9296.5,9374.0,9450.0,9226.0,1297704623
1592611200,9358.5,9296.5,9399.0,9141.0,931809409
1592697600,9286.5,9358.5,9424.5,9272.0,647865073
1592784000,9692.0,9286.5,9794.5,9272.0,1357919700
1592870400,9624.0,9692.0,9724.5,9580.0,884855830
1592956800,9287.0,9624.0,9668.5,9200.0,1825790740
1593043200,9240.0,9287.0,9336.5,8981.0,1511880706
1593129600,9148.5,9240.0,9286.0,9025.0,1375341566
1593216000,8997.5,9148.5,9186.0,8827.0,1152481781
1593302400,9114.5,8997.5,9185.0,8927.5,762355479
1593388800,9188.0,9114.5,9234.5,9013.0,1012013657
1593475200,9132.5,9188.0,9198.0,9040.0,816651655
1619827200,57874.5,57748.5,58500.0,57112.0,1163014621
1619913600,56641.5,57874.5,57980.0,56095.0,1154243253
1620000000,57191.5,56641.5,59032.5,56507.0,1780150713
1620086400,53262.5,57191.5,57206.0,53064.5,2613189229
1620172800,57553.5,53262.5,57921.0,52857.0,2314871489
1620259200,56417.0,57553.5,58428.5,55342.0,1971567485
1620345600,57422.0,56417.0,58781.5,55313.0,1834221346
1620432000,59000.0,57422.0,59646.0,57036.0,1933519416
1620518400,58299.5,59000.0,59341.5,56350.0,1952362620
1620604800,55912.5,58299.5,59806.0,53849.0,3272957761
1620691200,56764.0,55912.5,56900.0,54502.0,2021067271
1620777600,49493.0,56764.0,58036.5,48520.0,3567563624
1620864000,49700.0,49493.0,51344.5,44632.5,4764678017
1620950400,49888.0,49700.0,51533.5,48887.5,1541974906
1621036800,46757.0,49888.0,50671.5,46563.5,2319470758
1621123200,46436.0,46757.0,49788.5,43868.0,3209427626
1621209600,43582.0,46436.0,46653.0,42134.0,4181106482
1621296000,42854.5,43582.0,45798.5,42250.0,2717396004
1621382400,36811.0,42854.5,43596.0,28157.0,8625864433
1621468800,40620.5,36811.0,42444.0,34873.0,3453752671
1621555200,37301.0,40620.5,42327.0,33460.0,3346306092
1621641600,37446.5,37301.0,38885.0,35244.0,1880503309
1621728000,34711.0,37446.5,38270.5,31100.0,2882564071
1621814400,38842.5,34711.0,39920.0,34453.0,1991029675
1621900800,38379.5,38842.5,39810.0,36511.0,2038678353
1621987200,39254.5,38379.5,40891.5,37784.0,1892793740
1622073600,38513.0,39254.5,40444.0,37143.5,1631304226
1622160000,35689.5,38513.0,38952.0,34710.5,2399527182
1622246400,34587.0,35689.5,37348.5,33650.0,1876207814
1622332800,35670.0,34587.0,36549.0,33390.5,1119093889
1622419200,37265.0,35670.0,37488.5,34168.5,1631293307
1677628800,23630.0,23130.5,24014.5,23017.0,419496300
1677715200,23453.5,23630.0,23790.0,23187.0,309853900
1677801600,22351.0,23453.5,23463.0,21818.0,511627100
1677888000,22338.0,22351.0,22400.0,22150.0,156580400
1677974400,22419.0,22338.0,22661.5,22180.5,284998300
1678060800,22396.0,22419.0,22598.0,22248.0,292144100
1678147200,22187.5,22396.0,22555.5,21900.0,429357100
1678233600,21683.5,22187.5,22270.0,21560.5,414360200
1678320000,20347.5,21683.5,21818.0,20022.5,641078900
1678406400,20186.5,20347.5,20345.5,19550.0,623575400
1678492800,20606.0,20186.5,20851.5,19847.0,481679000
1678579200,22179.5,20606.0,22322.0,20443.5,615807400
1678665600,24194.0,22179.5,24600.0,21872.0,965438900
1678752000,24733.5,24194.0,26675.0,23977.5,1065850300
1678838400,24344.5,24733.5,25299.5,23874.0,708304900
1678924800,25031.5,24344.5,25238.5,24182.0,481943600
1679011200,27437.0,25031.5,27823.0,24928.0,784315500
1679097600,26966.0,27437.0,27774.5,26625.0,467596200
1679184000,28015.5,26966.0,28450.0,26878.0,502904300
1679270400,27790.5,28015.5,28557.0,27183.0,722484600
1679356800,28161.5,27790.5,28517.5,27367.0,500841600
1679443200,27290.5,28161.5,28938.0,26573.0,807153800
1679529600,28330.0,27290.5,28878.5,25600.0,723157100
1679616000,27477.5,28330.0,28413.5,26961.0,641122900
1679702400,27477.0,27477.5,27888.0,27158.0,381711500
1679788800,27980.0,27477.0,28244.0,27433.5,331883700
1679875200,27134.5,27980.0,28029.0,26480.0,503679500
1679961600,27252.0,27134.5,27514.0,26602.0,490211400
1680048000,28351.5,27252.0,28659.5,27236.5,548913100
1680134400,28017.0,28351.5,29197.0,27678.5,548321500
1680220800,28462.5,28017.0,28656.5,27479.0,508267900
1667260800,20470.5,20490.0,20698.5,20317.5,201264000
1667347200,20137.5,20470.5,20790.0,20000.0,344285200
1667433600,20200.0,20137.5,20374.5,20028.0,238063100
1667520000,21136.5,20200.0,21296.0,20185.0,403306200
1667606400,21294.0,21136.5,21466.5,21075.5,154069300
1667692800,20902.5,21294.0,21357.5,20876.0,178259000
1667779200,20578.0,20902.5,21050.0,20364.5,297609100
1667865600,18530.0,20578.0,20675.0,16901.0,1299514200
1667952000,15896.0,18530.0,18568.0,15470.0,1090937900
1668038400,17548.0,15896.0,18088.0,15695.5,703470600
1668124800,16998.5,17548.0,17658.0,16350.0,614605600
1668211200,16779.5,16998.5,17048.0,16575.0,155017200
1668297600,16295.5,16779.5,16916.5,16211.0,179614800
1668384000,16589.5,16295.5,17144.5,15791.5,439267900
1668470400,16876.0,16589.5,17100.0,16492.5,316562200
1668556800,16639.5,16876.0,16988.0,16369.0,292968500
1668643200,16689.5,16639.5,16743.5,16400.0,222940700
1668729600,16668.5,16689.5,16979.0,16537.5,252243600
1668816000,16691.0,16668.5,16830.0,16507.0,150072500
1668902400,16260.5,16691.0,16733.0,16159.5,231499300
1668988800,15752.5,16260.5,16293.0,15400.0,486527900
1669075200,16197.0,15752.5,16290.0,15608.0,265144200
1669161600,16592.0,16197.0,16713.5,16140.5,312993100
1669248000,16583.5,16592.0,16782.0,16460.0,184522500
1669334400,16524.0,16583.5,16600.0,16307.0,181552900
1669420800,16444.0,16524.0,16677.0,16343.0,261141700
1669507200,16422.5,16444.0,16630.0,16378.5,198318200
1669593600,16210.5,16422.5,16478.5,15990.5,291013300
1669680000,16436.5,16210.5,16543.0,16094.0,228630800
1669766400,17160.0,16436.5,17259.5,16432.5,330940500
1627776000,39810.5,41439.5,42648.0,39364.0,1221283400
1627862400,39151.0,39810.5,40432.0,38683.5,1187917400
1627948800,38173.5,39151.0,39810.0,37470.0,1360143200
1628035200,39747.0,38173.5,39950.0,37412.5,952477600
1628121600,40905.5,39747.0,41365.0,37240.0,1789495200
1628208000,42831.0,40905.5,43395.0,39897.0,1492910200
1628294400,44624.0,42831.0,44750.0,42526.0,1514719500
1628380800,43834.0,44624.0,45339.0,43302.0,1403602800
1628467200,46270.0,43834.0,46489.5,42831.0,1800803800
1628553600,45601.0,46270.0,46746.0,44663.0,1203764900
1628640000,45518.5,45601.0,46814.0,45350.0,1206767600
1628726400,44387.5,45518.5,46150.0,43842.0,1344271800
1628812800,47821.0,44387.5,47933.0,44250.0,1469990900
1628899200,47097.5,47821.0,48200.0,46005.0,1108553800
1628985600,47030.0,47097.5,47416.5,45467.5,1298315100
1629072000,45859.0,47030.0,48090.0,45619.0,1696842900
1629158400,44650.0,45859.0,47181.0,44401.0,1898833000
1629244800,44697.0,44650.0,46025.0,44200.0,1634568300
1629331200,46767.5,44697.0,47121.0,43917.0,1642350200
1629417600,49362.0,46767.5,49487.5,46659.0,1709919300
1629504000,48855.0,49362.0,49820.5,48216.0,1286466200
1629590400,49299.5,48855.0,49550.0,48083.5,1163556100
1629676800,49485.5,49299.5,50596.0,49049.0,1479013100
1629763200,47668.0,49485.5,49884.5,47555.0,1807472200
1629849600,49014.0,47668.0,49300.0,47060.5,1981090700
1629936000,46835.5,49014.0,49370.5,46272.0,2021216100
1630022400,49086.5,46835.5,49213.5,46335.5,1742598600
1630108800,48924.0,49086.5,49331.5,48386.0,973570000
1630195200,48800.0,48924.0,49711.0,47765.5,1277967500
1630281600,46979.5,48800.0,48919.0,46833.5,1526527900
1630368000,47139.0,46979.5,48292.5,46678.0,1551806200
1646092800,44427.0,43176.5,44971.0,42861.0,1009734100
1646179200,43909.0,44427.0,45356.5,43300.0,1139678100
1646265600,42439.5,43909.0,44088.0,41820.0,1004227200
1646352000,39128.5,42439.5,42508.0,38500.0,1137405600
1646438400,39375.5,39128.5,39578.0,38549.5,481970100
1646524800,38400.5,39375.5,39693.0,38075.0,889739400
1646611200,37967.0,38400.5,39545.0,37135.5,1194820500
1646697600,38723.5,37967.0,39381.0,37857.0,1087892900
1646784000,41954.5,38723.5,42596.5,38641.5,1079137900
1646870400,39418.0,41954.5,42037.0,38420.0,1351599500
1646956800,38714.5,39418.0,40245.5,38239.0,979194400
1647043200,38794.0,38714.5,39480.0,38645.5,377767900
1647129600,37749.0,38794.0,39306.5,37548.0,607095300
1647216000,39662.0,37749.0,39916.5,37527.5,721078400
1647302400,39280.5,39662.0,39892.0,38112.0,677379000
1647388800,41115.5,39280.5,41790.0,38752.0,1212441800
1647475200,40914.0,41115.5,41472.0,40450.0,519838500
1647561600,41768.5,40914.0,42352.0,40160.0,691900400
1647648000,42222.0,41768.5,42429.0,41509.5,463051600
1647734400,41268.0,42222.0,42293.5,40902.0,703329300
1647820800,40983.0,41268.0,41541.0,40421.5,1161427500
1647907200,42354.0,40983.0,43420.5,40867.5,1139088700
1647993600,42892.0,42354.0,43024.0,41691.5,918961000
1648080000,43991.0,42892.0,44240.0,42270.0,1057549400
1648166400,44298.5,43991.0,45110.0,43590.0,923049300
1648252800,44526.5,44298.5,44799.5,44060.0,476254000
1648339200,46816.0,44526.5,46966.0,44435.0,721266600
1648425600,47130.0,46816.0,48178.5,46666.5,889697000
1648512000,47444.0,47130.0,48120.5,46955.0,939962900
1648598400,47050.5,47444.0,47701.0,46528.0,879573200
1648684800,45504.0,47050.5,47604.5,45188.5,941261200
1588291200,8832.0,8627.5,9065.0,8622.5,2573647732
1588377600,8980.5,8832.0,9020.0,8755.0,1560102376
1588464000,8907.5,8980.5,9200.0,8724.5,2666607086
1588550400,8885.0,8907.5,8970.0,8527.0,2424132603
1588636800,9025.5,8885.0,9122.0,8760.0,2291572960
1588723200,9153.5,9025.5,9424.5,8920.0,2902813165
1588809600,10010.0,9153.5,10085.5,9009.0,4370697867
1588896000,9806.5,10010.0,10050.0,9728.5,3138865117
1588982400,9537.5,9806.5,9914.5,9511.0,2448399578
1589068800,8727.5,9537.5,9570.5,8100.0,5273700229
1589155200,8565.5,8727.5,9163.0,8160.0,4956763516
1589241600,8822.5,8565.5,8979.5,8529.0,2175540768
1589328000,9314.5,8822.5,9415.0,8803.5,2308094044
1589414400,9801.5,9314.5,9970.0,9260.0,3582078491
1589500800,9315.5,9801.5,9857.0,9100.0,3557587206
1589587200,9384.0,9315.5,9593.0,9219.5,1695988070
1589673600,9677.0,9384.0,9910.0,9335.0,1906941149
1589760000,9727.0,9677.0,9979.0,9280.0,2328475675
1589846400,9786.5,9727.0,9911.0,9401.0,2217743953
1589932800,9505.0,9786.5,9850.0,9273.0,2171424772
1590019200,9059.0,9505.0,9570.5,8800.0,2627516144
1590105600,9159.5,9059.0,9264.0,8926.0,1470310195
1590192000,9168.5,9159.5,9310.0,9075.0,1121957426
1590278400,8705.5,9168.5,9305.5,8669.0,2071794094
1590364800,8893.5,8705.5,8978.0,8618.0,1624486471
1590451200,8838.5,8893.5,9014.5,8686.0,1533118499
1590537600,9205.0,8838.5,9230.0,8811.5,1580447514
1590624000,9582.5,9205.0,9629.0,9105.5,1783582616
1590710400,9427.5,9582.5,9610.0,9328.0,1306089040
1590796800,9702.0,9427.5,9765.0,9323.0,1437913147
1590883200,9445.5,9702.0,9707.0,9382.0,1326927953
1622505600,36677.0,37265.0,37935.0,35695.0,1557627256
1622592000,37534.5,36677.0,38199.0,35922.0,1253832473
1622678400,39180.0,37534.5,39430.0,37160.5,1390031905
1622764800,36840.5,39180.0,39222.0,35583.0,2150929702
1622851200,35500.0,36840.5,37921.0,34811.0,1910494951
1622937600,35780.5,35500.0,36450.0,35235.0,926947069
1623024000,33538.0,35780.5,36806.0,33300.0,1543459414
1623110400,33389.0,33538.0,34036.5,31050.0,2161954454
1623196800,37369.5,33389.0,37488.0,32420.5,2113774400
1623283200,36655.5,37369.5,38450.0,35810.5,1627806200
1623369600,37311.0,36655.5,37667.5,35925.5,1092481700
1623456000,35521.0,37311.0,37437.0,34600.5,1366679200
1623542400,39022.5,35521.0,39415.0,34754.0,1445198100
1623628800,40515.0,39022.5,40995.0,38651.0,1672058500
1623715200,40149.5,40515.0,41338.0,39510.0,1313076100
1623801600,38310.5,40149.5,40472.0,38018.0,1471046100
1623888000,38050.0,38310.5,39540.0,37317.5,1206252200
1623974400,35788.0,38050.0,38176.5,35123.5,1421015100
1624060800,35483.5,35788.0,36434.0,34801.0,1080696900
1624147200,35582.0,35483.5,36159.0,33333.0,1513812100
1624233600,31619.0,35582.0,35747.5,31086.0,2478047000
1624320000,32519.5,31619.0,33294.0,28803.0,2489334600
1624406400,33654.0,32519.5,34800.0,31752.0,1392033900
1624492800,34637.0,33654.0,35361.0,32307.5,1161417800
1624579200,31562.5,34637.0,35579.0,31247.5,1636666600
1624665600,32244.5,31562.5,32719.5,30149.0,1493017000
1624752000,34706.0,32244.5,34799.0,32000.0,1292964300
1624838400,34463.0,34706.0,35277.0,33879.0,1190523200
1624924800,35920.5,34463.0,36585.0,34198.5,1153867100
1625011200,35028.0,35920.5,36079.5,34042.0,1364084700
1596240000,11827.5,11361.0,11908.5,11246.0,2475714514
1596326400,11072.0,11827.5,12163.5,10560.0,3479179292
1596412800,11244.0,11072.0,11484.5,10931.0,1536256355
1596499200,11188.0,11244.0,11429.0,10981.5,1551641491
1596585600,11765.5,11188.0,11800.0,11042.0,1900928277
1596672000,11768.5,11765.5,11924.0,11583.5,1699933174
1596758400,11600.0,11768.5,11919.0,11330.0,2048399616
1596844800,11773.0,11600.0,11822.0,11530.0,1087906266
1596931200,11691.0,11773.0,11821.5,11532.5,1015369966
1597017600,11900.5,11691.0,12110.0,11435.5,2411212574
1597104000,11383.0,11900.5,11949.5,11125.0,2816090978
1597190400,11570.5,11383.0,11619.5,11078.5,1516495486
1597276800,11805.0,11570.5,11820.0,11270.5,1935771382
1597363200,11777.0,11805.0,11868.5,11658.5,1134968692
1597449600,11864.5,11777.0,12013.0,11690.5,1376560697
1597536000,11926.0,11864.5,11941.0,11700.0,1128671195
1597622400,12308.5,11926.0,12500.0,11620.5,2605664248
1597708800,11956.5,12308.5,12404.5,11810.5,2219401770
1597795200,11761.0,11956.5,12019.5,11540.0,2074507698
1597881600,11869.0,11761.0,11897.0,11676.0,929068278
1597968000,11529.5,11869.0,11884.5,11483.0,1729186824
1598054400,11675.5,11529.5,11686.0,11373.0,1031435065
1598140800,11657.0,11675.5,11711.0,11530.5,848794552
1598227200,11757.5,11657.0,11835.0,11605.0,1027357727
1598313600,11319.0,11757.5,11771.5,11101.5,2290436953
1598400000,11466.0,11319.0,11550.0,11251.0,1410010209
1598486400,11331.5,11466.0,11599.0,11116.5,2232804815
1598572800,11528.5,11331.5,11548.5,11284.5,1105951574
1598659200,11483.0,11528.5,11590.5,11414.5,830101571
1598745600,11719.0,11483.0,11724.0,11470.0,989754767
1598832000,11658.0,11719.0,11794.0,11571.5,1301120346
1669852800,16956.5,17160.0,17300.5,16859.5,223270900
1669939200,17083.0,16956.5,17156.0,16706.5,243226500
1670025600,16901.5,17083.0,17140.0,16858.5,167423200
1670112000,17121.5,16901.5,17289.5,16900.0,182830700
1670198400,16958.0,17121.5,17438.0,16855.0,285656200
1670284800,17075.0,16958.0,17096.5,16913.0,192769300
1670371200,16817.5,17075.0,17130.5,16650.0,209194000
1670457600,17223.0,16817.5,17311.5,16731.0,238949800
1670544000,17118.5,17223.0,17340.0,17058.0,177900600
1670630400,17122.0,17118.5,17213.0,17098.0,127838000
1670716800,17081.5,17122.0,17258.0,17071.0,122080300
1670803200,17198.5,17081.5,17229.5,16870.5,214568000
1670889600,17774.5,17198.5,18190.0,17073.0,367733900
1670976000,17811.5,17774.5,18372.5,17663.5,320468600
1671062400,17351.5,17811.5,17858.5,17270.5,277202200
1671148800,16618.5,17351.5,17522.0,16517.0,399703900
1671235200,16774.0,16618.5,16787.5,16582.0,131645600
1671321600,16744.5,16774.0,16826.0,16661.0,100875200
1671408000,16434.5,16744.5,16819.0,16240.5,217570500
1671494400,16891.5,16434.5,17045.0,16390.0,265697700
1671580800,16821.5,16891.5,16914.0,16718.0,171217900
1671667200,16809.5,16821.5,16862.0,16553.0,224080700
1671753600,16780.5,16809.5,16935.0,16745.0,126032500
1671840000,16828.5,16780.5,16858.5,16780.5,57711300
1671926400,16819.0,16828.5,16848.5,16707.0,82197100
1672012800,16920.0,16819.0,16941.0,16647.0,114548500
1672099200,16692.0,16920.0,16979.0,16579.5,189277900
1672185600,16537.5,16692.0,16768.5,16456.0,204995500
1672272000,16620.0,16537.5,16645.0,16477.0,141152300
1672358400,16602.0,16620.0,16655.5,16322.0,189409100
1672444800,16522.0,16602.0,16618.5,16424.5,98777600
1638316800,57202.0,56968.5,59124.0,56497.0,1114520300
1638403200,56508.0,57202.0,57412.0,55811.0,1000391600
1638489600,53633.0,56508.0,57699.0,51554.5,1889433700
1638576000,49205.0,53633.0,53856.5,41498.5,2805872600
1638662400,49434.0,49205.0,49765.0,47800.5,801774900
1638748800,50467.0,49434.0,50935.0,47156.5,1285109700
1638835200,50618.5,50467.0,51973.5,50058.0,785385400
1638921600,50493.5,50618.5,51232.5,48639.0,784151500
1639008000,47567.0,50493.5,50839.5,47350.0,920742500
1639094400,47161.0,47567.0,50100.0,46909.0,1019266500
1639180800,49391.0,47161.0,49496.0,46767.5,703781800
1639267200,50066.5,49391.0,50785.0,48631.5,577168000
1639353600,46689.5,50066.5,50191.0,45707.0,1179530000
1639440000,48356.5,46689.5,48666.0,46280.5,891591600
1639526400,48880.0,48356.5,49514.5,46532.0,1179756100
1639612800,47630.0,48880.0,49437.0,47475.0,693052200
1639699200,46152.0,47630.0,47988.5,45422.5,1051363900
1639785600,46829.0,46152.0,47345.5,45485.5,537933800
1639872000,46650.5,46829.0,48270.5,46408.0,759820400
1639958400,46892.0,46650.5,47532.0,45561.0,923172900
1640044800,48879.0,46892.0,49299.0,46657.0,841803900
1640131200,48574.5,48879.0,49665.5,48451.0,561561700
1640217600,50815.5,48574.5,51368.5,48002.0,848398800
1640304000,50800.0,50815.5,51874.0,50404.5,746250000
1640390400,50380.0,50800.0,51177.0,50005.0,506531400
1640476800,50775.0,50380.0,51314.5,49408.5,602764000
1640563200,50700.0,50775.0,52147.0,50436.0,725148600
1640649600,47536.0,50700.0,50700.0,47242.0,1063412600
1640736000,46415.5,47536.0,48105.0,46000.0,942432900
1640822400,47111.0,46415.5,47882.5,45872.5,740468800
1640908800,46200.0,47111.0,48546.0,45500.0,1045402500
1604188800,13756.5,13802.5,13903.0,13622.5,922811251
1604275200,13566.0,13756.5,13840.0,13212.5,1740227757
1604361600,14034.0,13566.0,14077.0,13288.0,1673203841
1604448000,14151.5,14034.0,14279.0,13533.5,2129841518
1604534400,15605.0,14151.5,15791.5,14114.0,3180721468
1604620800,15608.5,15605.0,15979.0,15200.5,2827497868
1604707200,14838.0,15608.5,15780.0,14366.5,2592662622
1604793600,15499.0,14838.0,15670.0,14738.0,1455313545
1604880000,15342.5,15499.0,15875.5,14843.0,2377187415
1604966400,15309.5,15342.5,15490.0,15079.5,1355001035
1605052800,15719.0,15309.5,16067.0,15288.5,1559444291
1605139200,16316.0,15719.0,16368.5,15460.0,2229996928
1605225600,16340.0,16316.0,16499.0,15965.5,1579054970
1605312000,16083.0,16340.0,16340.0,15718.0,1295478185
1605398400,15973.0,16083.0,16169.5,15795.0,1008923756
1605484800,16718.0,15973.0,16886.0,15889.5,1715669172
1605571200,17683.5,16718.0,17890.0,16532.5,2840549478
1605657600,17788.5,17683.5,18500.0,17221.0,3789521364
1605744000,17824.0,17788.5,18230.5,17350.0,2165844721
1605830400,18672.5,17824.0,18837.5,17763.0,2331879627
1605916800,18725.0,18672.5,18989.5,18283.5,1851016742
1606003200,18464.0,18725.0,18781.5,17656.0,2186105725
1606089600,18393.5,18464.0,18785.0,18045.0,2156681517
1606176000,19193.0,18393.5,19449.0,18045.0,2767550413
1606262400,18751.0,19193.0,19546.5,18490.5,2400452266
1606348800,17165.5,18751.0,18924.5,16220.0,4869547159
1606435200,17153.0,17165.5,17477.0,16460.0,2299039122
1606521600,17736.5,17153.0,17874.5,16898.5,1356626364
1606608000,18195.0,17736.5,18345.0,17536.5,1241460612
1606694400,19714.5,18195.0,19949.0,18195.5,3107683217
1614556800,49664.5,45211.0,49833.0,45030.5,2102619079
1614643200,48483.5,49664.5,50272.0,47100.0,2101593607
1614729600,50346.0,48483.5,52669.5,48157.5,2433721732
1614816000,48333.0,50346.0,51775.0,47468.0,2698319781
1614902400,48768.5,48333.0,49461.0,46266.0,2598617339
1614988800,48904.5,48768.5,49225.5,47092.0,1420976714
1615075200,51027.0,48904.5,51500.0,48904.5,1758722602
1615161600,52480.0,51027.0,52489.0,49329.0,2172323549
1615248000,54960.0,52480.0,54965.0,52005.0,2256190115
1615334400,55975.5,54960.0,57477.0,52978.0,3241934240
1615420800,57909.5,55975.5,58300.0,54324.0,3219598123
1615507200,57315.0,57909.5,58167.0,54850.5,3112750436
1615593600,61280.5,57315.0,61900.0,56135.0,2937102754
1615680000,59029.0,61280.5,61709.5,59029.0,2275102384
1615766400,55627.5,59029.0,60689.5,54505.5,4265568113
1615852800,57009.5,55627.5,57010.0,53264.0,3150700340
1615939200,59015.5,57009.5,59095.0,54156.5,2827159946
1616025600,57620.0,59015.5,60176.0,57010.0,2601706666
1616112000,58073.5,57620.0,59527.5,56270.0,2521821493
1616198400,58146.5,58073.5,60019.5,57883.5,2151097092
1616284800,57421.5,58146.5,58576.5,55114.5,2363048374
1616371200,54090.0,57421.5,58506.0,53730.0,2718794935
1616457600,54394.0,54090.0,55826.5,53000.0,2547069006
1616544000,52244.5,54394.0,57247.0,51750.0,3572267643
1616630400,51321.5,52244.5,53225.5,50475.5,3542906196
1616716800,55081.5,51321.5,55118.0,51272.5,2237949211
1616803200,55869.5,55081.5,56682.5,54010.0,2174736146
1616889600,55788.5,55869.5,56580.0,54750.0,1875741971
1616976000,57680.5,55788.5,58490.0,54965.5,2672316336
1617062400,58812.0,57680.5,59449.0,57093.5,2020805220
1617148800,58876.0,58812.0,59950.0,56899.0,3278943503
1654041600,29782.0,31756.0,31958.0,29283.5,829586800
1654128000,30422.5,29782.0,30734.5,29558.0,490755000
1654214400,29664.5,30422.5,30674.5,29236.5,536259400
1654300800,29833.0,29664.5,29968.5,29435.0,383765000
1654387200,29870.5,29833.0,30154.5,29498.0,511447600
1654473600,31333.0,29870.5,31737.5,29850.0,666760700
1654560000,31110.0,31333.0,31548.5,29166.5,988898200
1654646400,30175.0,31110.0,31285.0,29812.5,483844500
1654732800,30061.5,30175.0,30675.0,29909.0,386918300
1654819200,29050.0,30061.5,30345.0,28800.0,622441800
1654905600,28375.0,29050.0,29399.5,28085.0,712230600
1654992000,26530.0,28375.0,28490.0,26500.0,743610200
1655078400,22429.5,26530.0,26900.0,21870.0,1890047300
1655164800,22097.0,22429.5,23350.0,20780.5,1258990500
1655251200,22539.5,22097.0,22877.0,20014.5,1428767700
1655337600,20355.5,22539.5,22949.5,20189.0,638516700
1655424000,20424.0,20355.5,21349.0,20195.0,583559700
1655510400,18951.5,20424.0,20734.5,17568.5,1135597600
1655596800,20535.5,18951.5,20771.0,17886.0,891236800
1655683200,20539.5,20535.5,21049.0,19600.0,545908100
1655769600,20691.5,20539.5,21693.5,20318.0,515548300
1655856000,19965.5,20691.5,20872.0,19736.5,598570900
1655942400,21078.5,19965.5,21208.0,19866.0,413994400
1656028800,21209.0,21078.5,21535.0,20700.0,395344100
1656115200,21473.5,21209.0,21594.5,20890.0,259914100
1656201600,21031.5,21473.5,21871.0,20951.0,304478200
1656288000,20713.5,21031.5,21511.0,20456.0,404810700
1656374400,20250.0,20713.5,21180.0,20166.0,382650800
1656460800,20081.5,20250.0,20418.0,19797.5,384543700
1656547200,19924.0,20081.5,20133.5,18558.0,628788900
1682899200,28063.5,29242.0,29333.0,27610.0,664932900
1682985600,28679.0,28063.5,28921.5,27866.5,509040100
1683072000,29044.5,28679.0,29278.5,28090.0,717253600
1683158400,28844.0,29044.5,29400.0,28670.5,494628200
1683244800,29524.5,28844.0,29710.0,28701.5,531717200
1683331200,28906.5,29524.5,29869.0,28363.5,461751000
1683417600,28497.0,28906.5,29210.0,28465.5,413980400
1683504000,27756.5,28497.0,28690.0,27325.0,811958500
1683590400,27627.0,27756.5,27889.5,27387.0,511973600
1683676800,27597.5,27627.0,28322.0,26741.0,802247300
1683763200,26969.0,27597.5,27627.5,26695.5,526924800
1683849600,26782.0,26969.0,27089.5,25800.0,615742400
1683936000,26768.0,26782.0,27044.5,26680.5,240408200
1684022400,26921.0,26768.0,27222.0,26550.0,321416200
1684108800,27154.0,26921.0,27675.0,26688.0,485350400
1684195200,27018.0,27154.0,27295.0,26823.5,416534900
1684281600,27397.5,27018.0,27505.5,26518.0,516747500
1684368000,26810.0,27397.5,27472.5,26328.0,470895000
1684454400,26879.0,26810.0,27197.5,26602.0,296415400
1684540800,27094.0,26879.0,27156.0,26820.0,140444500
1684627200,26745.0,27094.0,27270.0,26619.0,296187000
1684713600,26848.0,26745.0,27138.5,26500.5,402071900
1684800000,27207.5,26848.0,27498.0,26790.0,431843100
1684886400,26320.0,27207.5,27209.5,26080.0,516863600
1684972800,26461.0,26320.0,26632.0,25859.0,449140600
1685059200,26706.5,26461.0,26947.5,26324.5,335626300
1685145600,26859.5,26706.5,26900.0,26538.0,169574600
1685232000,28071.5,26859.5,28293.0,26767.5,387561200
1685318400,27733.0,28071.5,28444.0,27531.0,336147100
1685404800,27704.0,27733.0,28038.0,27543.5,310039900
1685491200,27204.0,27704.0,27836.0,26795.0,385748700
1640995200,47728.5,46200.0,47925.5,46192.5,543638500
1641081600,47300.0,47728.5,47992.0,46647.5,539072000
1641168000,46425.0,47300.0,47577.0,45668.5,760545500
1641254400,45796.0,46425.0,47535.5,45500.0,799086600
1641340800,43395.0,45796.0,47067.5,42428.0,1753918300
1641427200,43072.0,43395.0,43750.0,42333.0,677677400
1641513600,41542.5,43072.0,43131.5,40551.0,1289970100
1641600000,41659.5,41542.5,42289.0,40491.5,704883100
1641686400,41852.5,41659.5,42750.0,41189.0,582614300
1641772800,41800.0,41852.5,42227.5,39609.0,1184377100
1641859200,42715.0,41800.0,43090.5,41251.0,761201700
1641945600,43898.5,42715.0,44666.0,42448.5,762495800
1642032000,42554.5,43898.5,44403.0,42330.5,921101900
1642118400,43058.5,42554.5,43460.0,41751.5,729986800
1642204800,43075.0,43058.5,43800.0,42571.5,500524900
1642291200,43065.0,43075.0,43478.0,42603.5,481471900
1642377600,42207.5,43065.0,43172.0,41550.0,615739200
1642464000,42362.5,42207.5,42718.5,41250.0,604009300
1642550400,41653.0,42362.5,42579.0,41111.5,800597500
1642636800,40650.0,41653.0,43503.0,40531.5,924430500
1642723200,36436.5,40650.0,41067.0,35394.5,2100109600
1642809600,35052.0,36436.5,36799.5,33973.0,1213128000
1642896000,36252.0,35052.0,36513.5,34613.0,787106900
1642982400,36657.5,36252.0,37560.0,32898.5,1752304000
1643068800,36949.0,36657.5,37539.0,35717.0,895249700
1643155200,36819.0,36949.0,38906.0,36260.0,1077510300
1643241600,37163.5,36819.0,37246.5,35514.0,821052200
1643328000,37710.0,37163.5,38002.0,36166.0,615703100
1643414400,38174.0,37710.0,38745.0,37281.5,577571500
1643500800,37893.5,38174.0,38368.5,37342.5,459399600
1643587200,38473.0,37893.5,38745.0,36629.5,722617500
1675209600,23734.0,23112.0,23829.0,22690.5,479794500
1675296000,23487.0,23734.0,24264.0,23363.5,602474700
1675382400,23424.0,23487.0,23708.5,23178.0,440854100
1675468800,23298.0,23424.0,23571.5,23238.0,219009800
1675555200,22933.0,23298.0,23427.0,22755.0,329589600
1675641600,22756.0,22933.0,23151.0,22624.0,417820500
1675728000,23230.5,22756.0,23350.0,22743.5,478162900
1675814400,22954.5,23230.5,23436.5,22655.0,339451500
1675900800,21794.0,22954.5,23003.5,21694.5,788129700
1675987200,21620.0,21794.0,21920.0,21450.0,470819000
1676073600,21846.5,21620.0,21906.0,21596.0,169074000
1676160000,21780.0,21846.5,22086.0,21625.0,280296900
1676246400,21769.5,21780.0,21897.5,21351.0,486442100
1676332800,22190.0,21769.5,22320.0,21463.0,592648100
1676419200,24352.0,22190.0,24393.0,22041.5,722899900
1676505600,23512.5,24352.0,25296.0,23506.0,894760700
1676592000,24585.5,23512.5,25027.0,23322.5,720222800
1676678400,24638.5,24585.5,24885.0,24433.5,212906600
1676764800,24272.0,24638.5,25250.0,24190.0,425632100
1676851200,24855.0,24272.0,25142.0,23840.5,507926000
1676937600,24456.5,24855.0,25300.0,24140.0,540790300
1677024000,24178.0,24456.5,24466.5,23569.5,621270500
1677110400,23943.0,24178.0,24604.5,23603.0,570497100
1677196800,23176.5,23943.0,24133.0,22812.5,533120000
1677283200,23154.5,23176.5,23200.0,22755.0,254887900
1677369600,23548.5,23154.5,23687.5,23052.0,312601100
1677456000,23479.5,23548.5,23892.5,23108.0,398517000
1677542400,23130.5,23479.5,23596.0,23012.0,294114100
1593561600,9234.5,9132.5,9296.5,9086.5,998150625
1593648000,9084.5,9234.5,9259.0,8932.0,1434090493
1593734400,9055.5,9084.5,9122.0,9016.0,541298881
1593820800,9142.0,9055.5,9196.5,9039.5,604764682
1593907200,9078.0,9142.0,9143.0,8906.5,920008314
1593993600,9348.0,9078.0,9389.0,9066.0,1314548157
1594080000,9251.0,9348.0,9388.5,9202.5,840537930
1594166400,9443.0,9251.0,9490.0,9233.5,1151562304
1594252800,9235.5,9443.0,9443.5,9161.0,1287224190
1594339200,9290.5,9235.5,9320.0,9114.0,958497314
1594425600,9232.0,9290.5,9302.0,9183.0,485313627
1594512000,9305.0,9232.0,9353.0,9160.0,885341892
1594598400,9230.0,9305.0,9378.5,9198.0,952998765
1594684800,9256.5,9230.0,9277.0,9076.0,921755131
1594771200,9188.0,9256.5,9273.0,9150.0,738636331
1594857600,9130.5,9188.0,9213.0,9026.5,926726125
1594944000,9154.0,9130.5,9181.0,9080.5,528872495
1595030400,9172.5,9154.0,9228.0,9113.5,461545873
1595116800,9219.0,9172.5,9250.0,9089.0,589195390
1595203200,9160.0,9219.0,9228.0,9125.0,540319829
1595289600,9393.0,9160.0,9447.0,9155.5,1264071828
1595376000,9537.5,9393.0,9584.0,9290.0,972162224
1595462400,9611.5,9537.5,9692.5,9452.0,1178335665
1595548800,9549.0,9611.5,9648.5,9477.5,958889621
1595635200,9712.0,9549.0,9765.0,9538.0,987156909
1595721600,9940.5,9712.0,10272.0,9664.0,1802767312
1595808000,11063.5,9940.5,11431.0,9940.0,4947737792
1595894400,10941.5,11063.5,11270.0,10603.0,3202769044
1595980800,11108.5,10941.5,11362.5,10865.0,2098115704
1596067200,11127.5,11108.5,11198.0,10845.5,1500081116
1596153600,11361.0,11127.5,11470.0,10970.5,2064106128
1617235200,58806.0,58876.0,59518.5,57960.5,2390606354
1617321600,59020.0,58806.0,60347.0,58454.0,2522337435
1617408000,57126.5,59020.0,59906.0,56953.5,3021092146
1617494400,58258.0,57126.5,58586.0,56500.0,2226550312
1617580800,59330.0,58258.0,59359.0,56824.5,2366766276
1617667200,58064.0,59330.0,59612.0,57471.5,2654892714
1617753600,55937.5,58064.0,58686.0,55500.0,4110510476
1617840000,58149.0,55937.5,58208.5,55673.5,1979195607
1617926400,58123.0,58149.0,58945.0,57746.5,1743769860
1618012800,59790.5,58123.0,61709.5,57920.5,3161999211
1618099200,60076.0,59790.5,60698.5,59259.5,1836674222
1618185600,59880.5,60076.0,61424.0,59437.0,2094184244
1618272000,63674.0,59880.5,63834.0,59825.0,3277602024
1618358400,63071.5,63674.0,65000.0,61355.5,4814818199
1618444800,63323.5,63071.5,63953.0,62131.0,2274300829
1618531200,61470.0,63323.5,63593.5,60010.5,3769448703
1618617600,60114.5,61470.0,62598.0,59673.0,2251302821
1618704000,56258.5,60114.5,60426.0,50876.0,6233793396
1618790400,55705.5,56258.5,57553.0,54376.0,2942867155
1618876800,56513.5,55705.5,57127.0,53405.0,3047480036
1618963200,53828.5,56513.5,56802.5,53668.0,2488150458
1619049600,51719.5,53828.5,55500.0,50549.0,4040375940
1619136000,51137.5,51719.5,52124.5,47530.5,4442442449
1619222400,50120.0,51137.5,51164.0,48744.5,1795370866
1619308800,49080.0,50120.0,50620.5,47010.0,1730240840
1619395200,54025.0,49080.0,54363.5,48812.0,2542435856
1619481600,55050.5,54025.0,55487.5,53290.5,1437594700
1619568000,54869.5,55050.5,56494.0,53893.5,1803734583
1619654400,53524.0,54869.5,55202.5,52381.0,1701448071
1619740800,57748.5,53524.0,57966.5,53064.0,1841533132
1664582400,19302.0,19414.5,19462.5,19125.5,173425300
1664668800,19041.0,19302.0,19386.0,18842.5,312859900
1664755200,19625.0,19041.0,19709.0,18946.0,397545700
1664841600,20334.0,19625.0,20489.0,19475.0,416006000
1664928000,20152.5,20334.0,20359.5,19734.0,395326100
1665014400,19950.0,20152.5,20440.5,19827.5,409934300
1665100800,19518.0,19950.0,20064.5,19305.5,466484400
1665187200,19412.5,19518.0,19609.5,19212.0,204032800
1665273600,19437.0,19412.5,19547.0,19305.5,285681800
1665360000,19121.5,19437.0,19519.5,18950.5,559156800
1665446400,19050.0,19121.5,19291.5,18839.0,363490000
1665532800,19150.5,19050.0,19234.0,18969.0,281023900
1665619200,19371.0,19150.5,19500.0,18040.0,644060400
1665705600,19173.0,19371.0,19951.5,19072.0,449827600
1665792000,19054.5,19173.0,19211.5,18983.0,160918700
1665878400,19254.5,19054.5,19411.0,19054.5,195057400
1665964800,19540.5,19254.5,19664.0,19148.5,284920600
1666051200,19319.5,19540.5,19719.0,19076.0,412058500
1666137600,19120.5,19319.5,19349.5,19053.0,232867700
1666224000,19031.5,19120.5,19343.5,18857.0,321152300
1666310400,19160.5,19031.5,19237.0,18655.0,325649400
1666396800,19196.5,19160.5,19237.0,19104.5,104623100
1666483200,19566.5,19196.5,19686.5,19069.0,190928100
1666569600,19326.0,19566.5,19593.0,19132.0,244384400
1666656000,20077.5,19326.0,20423.5,19230.5,430056600
1666742400,20760.0,20077.5,21000.0,20054.0,399997100
1666828800,20289.5,20760.0,20870.0,20143.5,332055000
1666915200,20597.5,20289.5,20755.5,19968.0,313392900
1667001600,20805.5,20597.5,21092.0,20563.0,284815000
1667088000,20629.5,20805.5,20920.0,20515.5,207881100
1667174400,20490.0,20629.5,20837.0,20234.0,258224800
1630454400,48849.5,47139.0,49118.5,46507.0,1627801000
1630540800,49314.0,48849.5,50440.5,48623.0,1762725600
1630627200,50026.0,49314.0,51123.5,48350.0,1970239700
1630713600,49949.0,50026.0,50588.0,49402.0,1036367200
1630800000,51848.5,49949.0,51982.5,49496.0,1284632700
1630886400,52713.5,51848.5,52837.0,51043.0,1334573500
1630972800,46861.0,52713.5,52999.0,42479.5,4696714300
1631059200,46053.5,46861.0,47340.0,44465.0,1786649600
1631145600,46376.0,46053.5,47381.0,45512.0,1204808500
1631232000,44836.0,46376.0,47029.5,44132.0,1614230900
1631318400,45157.0,44836.0,45964.0,44706.0,916593200
1631404800,46025.0,45157.0,46500.0,44730.5,993983200
1631491200,44974.5,46025.0,46985.0,43400.0,2200568800
1631577600,47108.5,44974.5,47243.0,44698.5,1244721900
1631664000,48110.5,47108.5,48436.0,46676.5,1120661200
1631750400,47740.0,48110.5,48500.0,47044.5,1104154700
1631836800,47277.0,47740.0,48150.0,46656.0,1027193700
1631923200,48266.0,47277.0,48838.5,47031.5,852342800
1632009600,47221.5,48266.0,48339.0,46820.0,880183200
1632096000,43005.5,47221.5,47335.0,42311.0,2431567500
1632182400,40712.0,43005.5,43617.5,39500.0,2855913400
1632268800,43542.5,40712.0,44016.5,40536.5,1304517100
1632355200,44860.0,43542.5,44994.0,43086.0,1153319900
1632441600,42839.5,44860.0,45146.0,40575.5,2454451700
1632528000,42674.0,42839.5,42990.0,41652.5,894027700
1632614400,43166.0,42674.0,43953.5,40801.0,1406080700
1632700800,42119.0,43166.0,44400.0,42052.0,1126071200
1632787200,40983.0,42119.0,42765.5,40830.5,1279389300
1632873600,41490.5,40983.0,42590.0,40705.0,1171004500
1632960000,43801.5,41490.5,44119.0,41379.0,1456638500
1633046400,48150.0,43801.5,48471.5,43251.0,1756881700
1633132800,47660.0,48150.0,48340.5,47444.0,571812000
1633219200,48215.5,47660.0,49283.0,47113.0,750915700
1633305600,49222.0,48215.5,49490.0,46922.5,1374474000
1633392000,51500.0,49222.0,51946.5,49053.5,1348951600
1633478400,55337.5,51500.0,55830.0,50424.0,1846667700
1633564800,53817.5,55337.5,55338.0,53410.0,1190088200
1633651200,53976.5,53817.5,56297.5,53610.0,1282897200
1633737600,54974.5,53976.5,55550.0,53682.0,712278800
1633824000,54718.5,54974.5,56645.0,54074.0,1237832400
1633910400,57504.5,54718.5,57890.0,54469.5,1410009600
1633996800,56030.5,57504.5,57737.0,53887.5,1793930800
1634083200,57419.5,56030.5,57865.0,54265.0,1494666400
1634169600,57377.0,57419.5,58592.0,56783.0,1122332400
1634256000,61676.0,57377.0,63100.0,56878.0,2245894500
1634342400,60922.5,61676.0,62406.0,60206.0,830928500
1634428800,61553.0,60922.5,61765.0,58933.0,1042168600
1634515200,62027.5,61553.0,62787.5,59860.0,1509691900
1634601600,64316.0,62027.5,64510.0,61250.0,1654570400
1634688000,66059.5,64316.0,67128.5,63522.5,1618199100
1634774400,62218.0,66059.5,66689.5,61550.0,2790162900
1634860800,60715.5,62218.0,63723.5,60044.0,1614482000
1634947200,61335.0,60715.5,61788.0,59625.0,796789500
1635033600,60901.0,61335.0,61550.0,59505.0,1040997600
1635120000,63125.5,60901.0,63777.0,60682.5,1425567000
1635206400,60257.0,63125.5,63411.0,59803.5,1544593500
1635292800,58499.5,60257.0,62358.0,58000.0,2002767300
1635379200,60633.5,58499.5,62636.0,57505.0,1955425800
1635465600,62322.0,60633.5,62998.5,60200.0,1573397900
1635552000,61925.0,62322.0,62412.0,60715.0,779242800
1635638400,61344.0,61925.0,62491.5,60034.0,972657500
1661990400,20125.5,20032.0,20193.0,19553.0,518485200
1662076800,19950.0,20125.5,20437.0,19745.0,426544700
1662163200,19821.5,19950.0,20045.0,19593.5,245736500
1662249600,19988.5,19821.5,20017.5,19584.5,362813100
1662336000,19782.5,19988.5,20055.0,19620.5,443451400
1662422400,18775.0,19782.5,20178.0,18652.5,780869400
1662508800,19283.5,18775.0,19456.5,18514.5,351878400
1662595200,19307.0,19283.5,19450.0,19005.0,337231400
1662681600,21363.5,19307.0,21620.0,19291.0,707972400
1662768000,21636.0,21363.5,21798.5,21125.5,380019700
1662854400,21822.0,21636.0,21864.0,21342.5,333156200
1662940800,22395.0,21822.0,22479.5,21511.5,587429200
1663027200,20162.5,22395.0,22819.0,19850.0,875589800
1663113600,20216.0,20162.5,20518.0,19602.0,481896200
1663200000,19694.5,20216.0,20329.0,19480.5,398486400
1663286400,19789.5,19694.5,19875.5,19317.0,360162200
1663372800,20110.0,19789.5,20165.0,19740.5,261227900
1663459200,19414.0,20110.0,20109.5,19332.0,298272600
1663545600,19533.5,19414.0,19675.0,18234.0,722967200
1663632000,18869.5,19533.5,19625.0,18714.5,428346700
1663718400,18450.0,18869.5,19930.5,18109.0,392643200
1663804800,19389.5,18450.0,19500.0,18344.5,549408100
1663891200,19280.5,19389.5,19484.0,18526.5,400013900
1663977600,18914.5,19280.5,19304.5,18802.5,201021900
1664064000,18800.0,18914.5,19169.5,18603.5,277290100
1664150400,19218.0,18800.0,19318.5,18680.5,414129500
1664236800,19064.5,19218.0,20361.5,18815.0,696502900
1664323200,19412.0,19064.5,19796.5,18457.5,494021500
1664409600,19582.5,19412.0,19640.0,18838.0,438052300
1664496000,19414.5,19582.5,20172.0,19167.0,522651300
1580515200,9382.0,9339.5,9464.0,9287.5,1606928169
1580601600,9325.0,9382.0,9483.5,9113.0,2558075884
1580688000,9282.0,9325.0,9619.0,9220.0,2901398321
1580774400,9166.0,9282.0,9348.0,9080.0,2851149240
1580860800,9630.0,9166.0,9779.0,9157.0,3835754054
1580947200,9763.0,9630.0,9869.0,9530.0,3831983024
1581033600,9815.0,9763.0,9890.0,9713.0,2479752042
1581120000,9908.0,9815.0,9957.5,9665.5,2628334844
1581206400,10172.5,9908.0,10185.5,9899.0,2935217599
1581292800,9862.5,10172.5,10199.0,9715.5,3654168022
1581379200,10286.0,9862.5,10400.0,9725.0,3819505406
1581465600,10363.0,10286.0,10500.0,10257.0,3195518429
1581552000,10241.0,10363.0,10550.0,10075.0,4590116972
1581638400,10369.5,10241.0,10393.0,10119.0,2321594602
1581724800,9907.0,10369.5,10402.5,9731.0,2793702129
1581811200,9934.0,9907.0,10049.0,9642.0,2631092637
1581897600,9715.0,9934.0,9970.0,9485.0,3536302919
1581984000,10195.5,9715.0,10300.0,9621.0,3722933606
1582070400,9596.5,10195.5,10331.0,9260.5,4113270117
1582156800,9607.5,9596.5,9688.0,9354.0,2896538588
1582243200,9694.0,9607.5,9788.0,9506.0,1943485619
1582329600,9675.5,9694.0,9718.5,9560.5,1047504190
1582416000,9966.0,9675.5,10045.0,9674.5,2129179142
1582502400,9660.5,9966.0,10036.0,9480.0,3127248830
1582588800,9317.0,9660.5,9697.5,9233.5,2825728347
1582675200,8780.0,9317.0,9368.0,8580.0,4672566740
1582761600,8820.0,8780.0,8969.0,8523.0,3233578879
1582848000,8717.5,8820.0,8902.5,8438.0,3535037527
1582934400,8531.5,8717.5,8806.5,8525.5,1624579497
1609459200,29402.5,28951.0,29717.0,28701.5,1838861284
1609545600,32185.0,29402.5,33430.0,29028.5,4616478195
1609632000,33062.5,32185.0,34896.0,31988.0,4233140121
1609718400,32044.5,33062.5,33670.0,27650.0,5115041875
1609804800,34107.5,32044.5,34600.0,29936.5,3831661018
1609891200,36883.0,34107.5,37074.5,33390.5,4337625799
1609977600,39487.0,36883.0,40567.0,36383.5,4867691089
1610064000,40600.0,39487.0,42084.0,36595.0,5295943183
1610150400,40291.5,40600.0,41495.0,38760.5,2903820217
1610236800,38225.0,40291.5,41527.5,34900.0,4268255145
1610323200,35390.0,38225.0,38293.0,30377.5,8176174490
1610409600,34026.0,35390.0,36671.5,32555.0,4398254106
1610496000,37390.5,34026.0,37800.0,32357.5,3490456520
1610582400,39143.5,37390.5,40163.5,36781.5,3215293113
1610668800,36734.5,39143.5,39722.0,34347.0,4349394468
1610755200,36007.0,36734.5,37969.5,35420.5,2716337938
1610841600,35870.0,36007.0,36852.5,33862.0,2787817743
1610928000,36684.5,35870.0,37533.5,34774.5,2534623334
1611014400,35898.0,36684.5,37920.0,35810.5,2652624979
1611100800,35489.0,35898.0,36381.5,33333.0,3153189209
1611187200,30810.5,35489.0,35598.0,29961.0,4827957533
1611273600,33003.0,30810.5,33835.5,28802.0,4047359471
1611360000,32090.0,33003.0,33475.0,31413.0,2248018972
1611446400,32290.5,32090.0,33120.0,30936.0,1904546206
1611532800,32221.0,32290.5,34872.5,31910.5,3037356566
1611619200,32500.0,32221.0,32928.0,30803.0,2807905742
1611705600,30381.0,32500.0,32558.5,29270.0,3182339546
1611792000,33446.0,30381.0,33793.0,29880.0,2408020667
1611878400,34230.0,33446.0,38730.0,31999.5,6550659922
1611964800,34310.5,34230.0,34889.0,32781.0,2227538611
1612051200,33101.0,34310.5,34362.0,32176.0,1627575811
1648771200,46269.5,45504.0,46720.0,44178.0,1140415500
1648857600,45814.0,46269.5,47222.5,45610.5,663368100
1648944000,46406.0,45814.0,47458.0,45542.0,750019800
1649030400,46605.0,46406.0,46900.0,45119.0,823856000
1649116800,45498.0,46605.0,47227.5,45362.0,785301200
1649203200,43167.5,45498.0,45498.5,43111.5,935902100
1649289600,43420.0,43167.5,43896.0,42668.0,546187700
1649376000,42247.0,43420.0,43977.0,42077.5,868570000
1649462400,42744.5,42247.0,42790.5,42085.0,422082900
1649548800,42150.0,42744.5,43400.0,41860.5,683558200
1649635200,39509.5,42150.0,42392.0,39180.0,1258020500
1649721600,40075.5,39509.5,40705.0,39254.5,908986500
1649808000,41120.0,40075.5,41532.5,39584.0,744860200
1649894400,39929.0,41120.0,41497.5,39550.0,621954900
1649980800,40530.5,39929.0,40861.5,39750.0,369508600
1650067200,40366.5,40530.5,40700.0,39946.0,343249800
1650153600,39661.5,40366.5,40575.0,39526.5,423384600
1650240000,40793.5,39661.5,41133.0,38376.5,835687200
1650326400,41470.0,40793.5,41783.5,40502.0,450867800
1650412800,41356.0,41470.0,42205.5,40860.0,623091200
1650499200,40453.5,41356.0,42984.0,39721.5,739860700
1650585600,39678.0,40453.5,40810.0,39129.0,428905400
1650672000,39437.5,39678.0,40039.0,39280.0,297015500
1650758400,39445.0,39437.5,39935.5,38887.5,493912100
1650844800,40416.5,39445.0,40690.0,38161.0,811178100
1650931200,38085.5,40416.5,40814.0,37651.0,817837800
1651017600,39219.0,38085.5,39455.5,37857.0,731989700
1651104000,39733.5,39219.0,40373.0,38883.5,728854200
1651190400,38568.0,39733.5,39909.5,38165.5,511851400
1651276800,37620.0,38568.0,38768.0,37553.0,322171600
1688169600,30587.0,30464.5,30670.0,30310.5,170237500
1688256000,30607.0,30587.0,30799.0,30151.0,306302000
1688342400,31154.5,30607.0,31403.5,30553.5,531893100
1688428800,30751.5,31154.5,31325.0,30606.5,378149800
1688515200,30485.5,30751.5,30867.5,30182.0,321788500
1688601600,29888.0,30485.5,31546.0,29830.5,829671700
